Item Catagory,Item Description,Item Name,Sell,image
Building Materials,Block & Beam Flooring,150 x 110 T Beam 4800mm Long,£58.86,
Building Materials,Block & Beam Flooring,150 x 110 T Beam 3600mm Long,£44.09,
Building Materials,Cement & Lime,Breedon General Purpose Cement (Weatherproof),£6.95,
Building Materials,Cement & Lime,Hydralime 25Kg,£11.95,
Building Materials,Tarmac Macadam,Tarmac Macadam 25Kg,£9.95,
Building Materials,Rainwater & Guttering,112mm Half Round Gutter Union Bracket (Black),£2.95,
Building Materials,Rainwater & Guttering,112mm Half Round Gutter Stopend Outlet (Black),£3.95,
Building Materials,Rainwater & Guttering,112mm Half Round Gutter Running Outlet (Black),£3.95,
Building Materials,Rainwater & Guttering,112mm Half Round Gutter Internal Stopend (Black),£1.95,
Building Materials,Rainwater & Guttering,112mm Half Round Gutter Hopper (Black),£12.95,
Building Materials,Rainwater & Guttering,112mm Half Round Gutter External Stopend (Black),£1.95,
Building Materials,Rainwater & Guttering,112mm Half Round Gutter Fascia Bracket (Black),£1.50,
Building Materials,Rainwater & Guttering,112mm Half Round Gutter 90o Angle (Black),£4.95,
Building Materials,Rainwater & Guttering,112mm Half Round Gutter 4Mtrs Length (Black),£13.95,
Building Materials,Rainwater & Guttering,112Mm Half Round Gutter 135o Angle (Black),£4.95,
Building Materials,Rainwater & Guttering,68mm Round Downpipe RND Connector (Black),£2.95,
Building Materials,Rainwater & Guttering,68Mm Round Downpipe Connector (Black),£2.95,
Building Materials,Rainwater & Guttering,68Mm Round Downpipe Clips (Black),£1.50,
Building Materials,Rainwater & Guttering,68Mm Round Downpipe 90o Bend (Black),£3.50,
Building Materials,Rainwater & Guttering,68Mm Round Downpipe 45o Bend (Black),£3.50,
Building Materials,Rainwater & Guttering,68mm Round Downpipe 112.5 Branch (Black),£8.95,
Building Materials,Rainwater & Guttering,68Mm Round Downpipe 4Mtr (Black),£13.95,
Building Materials,Rainwater & Guttering,68Mm Downpipe Shoe (Black),£2.95,
Building Materials,Upvc Fascia & Soffits,300MM Hollow Soffit White 5M (Cladding),£19.95,
Building Materials,Upvc Fascia & Soffits,Flat Fascia Board 5M-300mm,£42.95,
Building Materials,Upvc Fascia & Soffits,Flat Fascia Board 5M-225mm,£32.95,
Building Materials,Upvc Fascia & Soffits,Flat Fascia Board 5M-150mm,£22.95,
Building Materials,Upvc Fascia & Soffits,PVC Fascia Corner,£5.95,
Building Materials,Upvc Fascia & Soffits,PVC Fascia Joiner,£4.95,
Building Materials,Upvc Fascia & Soffits,Lipped Fascia Board 5M-300mm,£42.95,
Building Materials,Upvc Fascia & Soffits,Lipped Fascia Board 5M-225mm,£32.95,
Building Materials,Upvc Fascia & Soffits,Lipped Fascia Board 5M-150mm,£22.95,
Building Materials,Upvc Fascia & Soffits,40Mm X 2.0 White Poly Head Pin,£19.95,
Building Materials,Upvc Fascia & Soffits,65Mm X 2.0 White Poly Head Pin,£19.95,
Building Materials,Upvc Fascia & Soffits,Vented Euro Soffit Board 5M-300mm,£54.95,
Building Materials,Upvc Fascia & Soffits,Vented Euro Soffit Board 5M-225mm,£44.95,
Building Materials,Upvc Fascia & Soffits,Vented Euro Soffit Board 5M-150mm,£34.95,
Building Materials,Lead Flashing,Code 4 Lead-9 ½”(240mm) Code 4 Lead 3M 15Kg,£52.50,
Building Materials,Lead Flashing,Code 4 Lead-9 ½”(240mm) Code 4 Lead 6M 29.5Kg,£103.25,
Building Materials,Lead Flashing,Code 4 Lead-6″(150mm) Code 4 Lead 3M 9Kg,£31.50,
Building Materials,Lead Flashing,Code 4 Lead-6″(150mm) Code 4 Lead 6M 18.5Kg,£64.75,
Building Materials,Lead Flashing,Code 4 Lead-24″(600mm) Code 4 Lead 3M 37Kg,£129.50,
Building Materials,Lead Flashing,Code 4 Lead-24″(600mm) Code 4 Lead 6M 73.5Kg,£257.25,
Building Materials,Lead Flashing,Code 4 Lead-18″(450mm) Code 4 Lead 6M 55Kg,£192.50,
Building Materials,Lead Flashing,Code 4 Lead-12″(300mm) Code 4 Lead 3M 18Kg,£63,
Building Materials,Lead Flashing,Code 4 Lead-12″(300mm) Code 4 Lead 6M 36.5Kg,£127.75,
Building Materials,Lead Flashing,Code 3 Lead-9 ½ “(240mm) Code 3 Lead 3M 11Kg,£38.50,
Building Materials,Lead Flashing,Code 3 Lead-9 ½ “(240mm) Code 3 Lead 6M 21.5Kg,£75.25,
Building Materials,Lead Flashing,Code 3 Lead-6″(150mm) Code 3 Lead 6M 13.5Kg,£47.25,
Building Materials,Lead Flashing,Code 3 Lead-6″(150mm) Code 3 Lead 3M 7Kg,£24.50,
Building Materials,Lead Flashing,Code 3 Lead-24″(600mm) Code 3 Lead 6M 54Kg,£189.00,
Building Materials,Lead Flashing,Code 3 Lead-18″(450mm) Code 3 Lead 3M 20Kg,£70,
Building Materials,Lead Flashing,Code 3 Lead-18″(450mm) Code 3 Lead 6M 40.5Kg,£141.75,
Building Materials,Lead Flashing,Code 3 Lead-12″(300mm) Code 3 Lead 3M 13.5Kg,£47.50,
Building Materials,Lead Flashing,Code 3 Lead-12″(300mm) Code 3 Lead 6M 27Kg,£94.50,
Building Materials,Roof Battens,4.8MTR 25X38 Roof Battens Regularised Treated C24,£2.31,
Building Materials,Roof Battens,4.8MTR 19X38 Roof Battens Regularised Treated C24,£1.76,
Building Materials,Roof Battens,4.8MTR 2″ X 1″ Roof Battens Regularised Treated C24,£3.04,
Building Materials,Roof Firrings,"3""-0"" Firrings 3.6 MTR",£6.83,
Building Materials,Roof Firrings,"3""-0"" Firrings 4.8 MTR",£8.44,
Building Materials,Roof Firrings,"4""-0"" Firrings 3.6 MTR",£8.42,
Building Materials,Roof Firrings,"4""-0"" Firrings 4.8 MTR",£10.57,
Building Materials,Roof Firrings,"6""-0"" Firrings 6 MTR",£21.95,
Building Materials,Beads & Mesh,8′ X 2′ Stainless Steel EML Mesh,£24.95,
Building Materials,Beads & Mesh,8′x2′ EML Mesh,£5.95,
Building Materials,Beads & Mesh,63mm EML Mesh,£10.95,
Building Materials,Beads & Mesh,300mm EML Mesh,£29.95,
Building Materials,Beads & Mesh,225mm EML Mesh,£26.95,
Building Materials,Beads & Mesh,170mm EML Mesh,£18.95,
Building Materials,Beads & Mesh,170mm EML Mesh,£12.95,
Building Materials,Wall & Frame Ties,Helical Bar Grout 3L,£59.99,
Building Materials,Wall & Frame Ties,Helical Bar Stainless Steel-8mm,£6.95,
Building Materials,Wall & Frame Ties,Helical Bar Stainless Steel-6mm,£4.95,
Building Materials,Wall & Frame Ties,Expansion Ties With Sleeve 200mm,£0.95,
Building Materials,Wall & Frame Ties,Wallstarters 2.4mtr Stainless Steel,£12.95,
Building Materials,Wall & Frame Ties,"200x50x2mm Safety Ended Frame Tie
",£0.60,
Building Materials,Wall & Frame Ties,150x50x2mm Safety Ended Frame Tie,£0.55,
Building Materials,Wall & Frame Ties,100x50x2mm Safety Ended Frame Tie,£0.50,
Building Materials,Joist Hangers - Timber To Timber,Truss Clip for Building Projects,£0.59,
Building Materials,Joist Hangers - Timber To Timber,150mm Long Leg Jiffy Hangers H/D Timber to Timber,£5.95,
Building Materials,Joist Hangers - Timber To Timber,50mm Long Leg Jiffy Hangers H/D Timber to Timber,£3.95,
Building Materials,Joist Hangers - Timber To Timber,100mm Long Leg Jiffy Hangers H/D Timber to Timber,£4.95,
Building Materials,Joist Hangers - Timber To Timber,75mm Jiffy Hangers Timber to Timber,£1.50,
Building Materials,Joist Hangers - Timber To Timber,50mm Jiffy Hangers Timber to Timber,£0.95,
Building Materials,Joist Hangers - Timber To Timber,100mm Jiffy Hangers Timber to Timber,£1.95,
Building Materials,Building Restraint Straps,L Joist Straps-900 x 30 x 5mm H/D,£4.95,
Building Materials,Building Restraint Straps,Flat Joist Straps-1000 x 30 x 5mm H/D,£2.95,
Building Materials,Building Restraint Straps,Flat Joist Straps-1000 x 30 x 2.5mm L/D,£1.95,
Building Materials,Building Restraint Straps,Flat Joist Straps-1200 x 30 x 5mm H/D,£3.95,
Building Materials,Building Restraint Straps,Flat Joist Straps-1200 x 30 x 2.5mm L/D,£2.95,
Building Materials,Building Restraint Straps,L Joist Straps-1500 x 30 x 5mm H/D,£6.95,
Building Materials,Building Restraint Straps,L Joist Straps-1200 x 30 x 2.5mm H/D,£3.95,
Building Materials,Building Restraint Straps,L Joist Straps-1200 x 30 x 5mm H/D,£5.95,
Building Materials,Building Restraint Straps,L Joist Straps-900 x 30 x 2.5mm L/D,£2.95,
Building Materials,Building Restraint Straps,Joist Straps 900 X 100 Twisted H/D,£2.95,
Building Materials,Building Restraint Straps,Joist Straps 900 X 100 Twisted L/D,£2.95,
Building Materials,Building Restraint Straps,Fixing Band Roll 10MTR,£10.95,
Building Materials,Angles & Brackets,Dog Tooth Washers,£0.59,
Building Materials,Angles & Brackets,L Bracket 90 X 90 X 63 H/D,£0.99,
Building Materials,Cladding,Midnight Black Hardieplank Cedar 3600x180x8mm,£18.95,
Building Materials,Cladding,Midnight Black Hardie Paint Edge Coating 1L,£29.95,
Building Materials,Cladding,Midnight Black Hardiepanel Screws (250) 4.8x38mm,£70,
Building Materials,Cladding,Anthracite Grey Hardieplank Cedar 3600x180x8mm,£18.95,
Building Materials,Cladding,Anthracite Grey Hardie Paint Edge Coating 1L,£29.95,
Building Materials,Cladding,Anthracite Grey Hardiepanel Screws (250) 4.8x38mm,£70,
Building Materials,Cladding,Artic White Hardieplank Cedar 3600x180x8mm,£18.95,
Building Materials,Cladding,Artic White Hardie Paint Edge Coating 1L,£29.95,
Building Materials,Cladding,Artic White Hardiepanel Screws (250) 4.8x38mm,£70,
Building Materials,Cladding,Starter Strip With Ventilation 3000x25mm,£24.95,
Building Materials,Cladding,Top Strip With Ventilation 3000x25mm,£24.95,
Garden and Landscaping,Waney Lap Fencing,6'X4' Waney Lap Fence Panel – Autumn Gold,£25.95,
Garden and Landscaping,Waney Lap Fencing,6'X5' Waney Lap Fence Panel – Autumn Gold,£27.95,
Garden and Landscaping,Waney Lap Fencing,6'X6' Waney Lap Fence Panel – Autumn Gold,£29.95,
Garden and Landscaping,Postcrete,Postcrete 20Kg,£6.95,
Garden and Landscaping,Fencing Metalwork,Mortice Holder,£2.80,
Garden and Landscaping,Fencing Metalwork,B/Jap Padbolt Pp-150mm,£6.95,
Garden and Landscaping,Fencing Metalwork,B/Jap Padbolt Pp-100mm,£5.95,
Garden and Landscaping,Fencing Metalwork,Tower Bolt B/Jap Straight-200MMPP,£5.95,
Garden and Landscaping,Fencing Metalwork,Tower Bolt B/Jap Straight-150MMPP,£5.95,
Garden and Landscaping,Fencing Metalwork,Tower Bolt B/Jap Straight-100MMPP,£2.95,
Garden and Landscaping,Fencing Metalwork,Hinge T Med Dty B/Jap 450Mm Pp,£6.95,
Garden and Landscaping,Fencing Metalwork,Gravel Board Bracket,£2.50,
Garden and Landscaping,Fencing Metalwork,"Arris Rail Brkts 9""",£0.95,
Garden and Landscaping,Artificial Grass,Linear Mtr Grass Martinique 40mm (5m Wide),£75,
Garden and Landscaping,Decorative Walling,Marshalite Walling Pitched-Grey-300x100x65mm,£1.75,
Garden and Landscaping,Decorative Walling,Marshalite Walling Pitched-Buff-300x100x65mm,£1.75,
Garden and Landscaping,Coping Stones,5″ X 24″ - Twice Weathered Coping,£5.95,
Garden and Landscaping,Coping Stones,6.5″ X 24″ - Twice Weathered Coping,£6.95,
Garden and Landscaping,Coping Stones,11″ X 24″ - Twice Weathered Coping,£11.95,
Garden and Landscaping,Coping Stones,12″ X 24″ - Twice Weathered Coping,£14.95,
Garden and Landscaping,Coping Stones,14″ X 24″ - Twice Weathered Coping,£16.95,
Garden and Landscaping,Coping Stones,16″ X 36″ - Twice Weathered Coping,£39.95,
Garden and Landscaping,Coping Stones,18” x 36” - Twice Weathered Coping,£49.95,
Garden and Landscaping,Coping Stones,12″ X 24″ - Once Weathered Coping,£14.95,
Garden and Landscaping,Coping Stones,14″ X 24″ - Once Weathered Coping,£16.95,
Garden and Landscaping,Coping Stones,16″ X 36″ - Once Weathered Coping,£39.95,
Garden and Landscaping,Coping Stones,18” X 36” - Once Weathered Coping,£49.95,
Garden and Landscaping,Standard Edging,Flat Top Path Edging 50x150x915mm,£5.95,
Garden and Landscaping,Standard Edging,Half Battered Road Kerb Straight 125x255x915mm,£13.95,
Garden and Landscaping,Standard Edging,Round Top Path Edging 50x150x915mm,£5.95,
Garden and Landscaping,Decorative Edging,Victorian Rope Top Edging 590x180x50 Red/Black,£18.95,
Garden and Landscaping,Decorative Edging,Round Top Edging 600 x 150 x 50mm Buff,£5.95,
Garden and Landscaping,Decorative Edging,Round Top Edging 600 x 150 x 50mm Grey,£5.95,
Garden and Landscaping,Decorative Edging,Contour Wavey Edging 600 x 150 x 50mm Buff,£5.95,
Garden and Landscaping,Composite Decking,Anthracite TherraWood Composite Deck Board 3600x140x26mm,£21.95,
Garden and Landscaping,Composite Decking,Anthracite TherraWood Composite Deck Trim 3600x140x26x60mm,£39.95,
Garden and Landscaping,Composite Decking,Anthracite TherraWood Composite Hybrid Plinth 3600x60x8mm,£19.95,
Garden and Landscaping,Composite Decking,Stone Grey TherraWood Composite Deck Board 3600x140x26mm,£21.95,
Garden and Landscaping,Composite Decking,Stone Grey TherraWood Composite Deck Trim 3600x140x26x60mm,£39.95,
Garden and Landscaping,Composite Decking,Stone Grey TherraWood Composite Hybrid Plinth 3600x60x8mm,£19.95,
Garden and Landscaping,Composite Decking,Hazelnut Brown TherraWood Composite Deck Board 3600x140x26mm,£21.95,
Garden and Landscaping,Composite Decking,Hazelnut Brown TherraWood Composite Deck Trim 3600x140x26x60mm,£39.95,
Garden and Landscaping,Composite Decking,Hazelnut Brown TherraWood Composite Hybrid Plinth 3600x60x8mm,£19.95,
Garden and Landscaping,Composite Decking,Tropical Brown TherraWood Composite Deck Board 3600x140x26mm,£21.95,
Garden and Landscaping,Composite Decking,Tropical Brown TherraWood Composite Deck Trim 3600x140x26x60mm,£39.95,
Garden and Landscaping,Composite Decking,Tropical Brown TherraWood Composite Hybrid Plinth 3600x60x8mm,£19.95,
Garden and Landscaping,Composite Decking,Anthracite TherraWood Composite Deck Hybrid Joist 3600x45x33mm,£24.95,
Garden and Landscaping,Composite Decking,Anthracite TherraWood Composite Deck Joist 3600x45x33mm,£10.95,
Garden and Landscaping,Composite Decking,TherraWood Composite Deck Start Up Profile 3600mm Natural,£7.50,
Garden and Landscaping,Composite Decking,Stainless TherraWood Composite Deck Board Fastener and Screw,£38.95,
Garden and Landscaping,Composite Decking,Galvanised TherraWood Composite Deck Board Fastener and Screw,£19.95,
Garden and Landscaping,Composite Decking,37-50mm + 1 Peg TherraWood Universal Pedestal,£2.95,
Garden and Landscaping,Composite Decking,50-70mm + 1 Peg TherraWood Universal Pedestal,£2.95,
Garden and Landscaping,Composite Decking,70-105mm + 1 Peg TherraWood Universal Pedestal,£3.50,
Garden and Landscaping,Composite Decking,105-165mm + 1 Peg TherraWood Universal Pedestal,£3.95,
Garden and Landscaping,Timber Decking,32 x 150mm decking-4.8m,13.2,
"Timber, Doors & Sheet Material","MDF, Hardboard & Protection Sheets",8’x4′ 3mm Hardboard Sheets,£7.95,
"Timber, Doors & Sheet Material","MDF, Hardboard & Protection Sheets",8’X4′ 6mm MDF,£14.95,
"Timber, Doors & Sheet Material","MDF, Hardboard & Protection Sheets",8’X4′ 12mm MDF,£24.95,
"Timber, Doors & Sheet Material","MDF, Hardboard & Protection Sheets",8’X4′ 18mm MDF,£34.95,
"Timber, Doors & Sheet Material","MDF, Hardboard & Protection Sheets",8’X4′ 12mm Moisture Resistant MDF,£29.95,
"Timber, Doors & Sheet Material","MDF, Hardboard & Protection Sheets",8’X4′ 25mm Moisture Resistant MDF,£49.95,
"Timber, Doors & Sheet Material","MDF, Hardboard & Protection Sheets",8’X4′ 18mm Moisture Resistant MDF,£39.95,
"Timber, Doors & Sheet Material",Roof Battens,4.8MTR 25X38 Roof Battens Regularised Treated C24,£2.31,
"Timber, Doors & Sheet Material",Roof Battens,4.8MTR 19X38 Roof Battens Regularised Treated C24,£1.76,
"Timber, Doors & Sheet Material",Roof Battens,4.8MTR 2″ X 1″ Roof Battens Regularised Treated C24,£3.04,
"Timber, Doors & Sheet Material",Roof Firrings,"3""-0"" Firrings 4.8 MTR",£8.44,
"Timber, Doors & Sheet Material",Roof Firrings,"3""-0"" Firrings 3.6 MTR",£6.83,
"Timber, Doors & Sheet Material",Roof Firrings,"4""-0"" Firrings 4.8 MTR",£10.57,
"Timber, Doors & Sheet Material",Roof Firrings,"4""-0"" Firrings 3.6 MTR",£8.42,
"Timber, Doors & Sheet Material",Roof Firrings,"6""-0"" Firrings 6 MTR",£21.95,
"Timber, Doors & Sheet Material",Carcassing Timber,"4.8MTR 2"" x 2"" Regularised Treated C24",£4.37,
"Timber, Doors & Sheet Material",Carcassing Timber,"3MTR 2"" X 2"" Regularised Treated C24",£2.73,
"Timber, Doors & Sheet Material",Carcassing Timber,4.8MTR 3″ x 2″ Regularised Treated C24,£6.55,
"Timber, Doors & Sheet Material",Carcassing Timber,3.6MTR 3″ x 2″ Regularised Treated C24,£4.91,
"Timber, Doors & Sheet Material",Carcassing Timber,3MTR 3″ x 2″ Regularised Treated C24,£4.10,
"Timber, Doors & Sheet Material",Carcassing Timber,4.8MTR 4″ x 3″ Regularised Treated C24,£13.94,
"Timber, Doors & Sheet Material",Carcassing Timber,6MTR 4″ x 2″ Regularised Treated C24,£12.19,
"Timber, Doors & Sheet Material",Carcassing Timber,4.8MTR 4″ x 2″ Regularised Treated C24,£8.74,
"Timber, Doors & Sheet Material",Carcassing Timber,3.6MTR 4″ x 2″ Regularised Treated C24,£6.55,
"Timber, Doors & Sheet Material",Carcassing Timber,3MTR 4″ x 2″ Regularised Treated C24,£5.46,
"Timber, Doors & Sheet Material",Carcassing Timber,4.8MTR 5″ x 2″ Regularised Treated C24,£10.92,
"Timber, Doors & Sheet Material",Carcassing Timber,3.6MTR 5″ x 2″ Regularised Treated C24,£8.19,
"Timber, Doors & Sheet Material",Carcassing Timber,3MTR 6″ x 2″ Regularised Treated C24,£8.19,
"Timber, Doors & Sheet Material",Carcassing Timber,6MTR 6″ x 2″ Regularised Treated C24,£18.28,
"Timber, Doors & Sheet Material",Carcassing Timber,4.8MTR 6″ x 2″ Regularised Treated C24,£13.11,
"Timber, Doors & Sheet Material",Carcassing Timber,6MTR 6″ x 3″ Regularised Treated C24,£29.17,
"Timber, Doors & Sheet Material",Carcassing Timber,3.6MTR 6″ x 2″ Regularised Treated C24,£9.83,
"Timber, Doors & Sheet Material",Carcassing Timber,6MTR 7″ x 2″ Regularised Treated C24,£21.32,
"Timber, Doors & Sheet Material",Carcassing Timber,4.8MTR 7″ x 2″ Regularised Treated C24,£15.29,
"Timber, Doors & Sheet Material",Carcassing Timber,3.6MTR 7″ x 2″ Regularised Treated C24,£11.47,
"Timber, Doors & Sheet Material",Carcassing Timber,6MTR 8″ x 2″ Regularised Treated C24,£24.37,
"Timber, Doors & Sheet Material",Carcassing Timber,4.8MTR 8″ x 2″ Regularised Treated C24,£17.48,
"Timber, Doors & Sheet Material",Carcassing Timber,6MTR 8″ x 3″ Regularised Treated C24,£38.89,
"Timber, Doors & Sheet Material",Carcassing Timber,3.6MTR 8″ x 2″ Regularised Treated C24,£13.11,
"Timber, Doors & Sheet Material",Carcassing Timber,6MTR 9″ x 2″ Regularised Treated C24,£27.42,
"Timber, Doors & Sheet Material",Carcassing Timber,4.8MTR 9″ x 2″ Regularised Treated C24,£19.66,
"Timber, Doors & Sheet Material",Carcassing Timber,6MTR 9″ x 3″ Regularised Treated C24,£43.75,
"Timber, Doors & Sheet Material",Carcassing Timber,3.6MTR 9″ x 2″ Regularised Treated C24,£14.75,
"Timber, Doors & Sheet Material",Window Board,25x244mm Primed MDF N&T Window Board 3.66m,£37.95,
"Fixings, Adhesives & Sealants",Wallbolts,M16 150mm Rawl Bolt,£3.95,
"Fixings, Adhesives & Sealants",Wallbolts,M12 Rawl Bolt-150mm,£2.75,
"Fixings, Adhesives & Sealants",Wallbolts,M12 Rawl Bolt-125mm,£2.25,
"Fixings, Adhesives & Sealants",Wallbolts,M12 Rawl Bolt-100mm,£1.65,
"Fixings, Adhesives & Sealants",Wallbolts,M10 Rawl Bolt-150mm,£2.45,
"Fixings, Adhesives & Sealants",Wallbolts,M10 Rawl Bolt-125mm,£1.95,
"Fixings, Adhesives & Sealants",Wallbolts,M10 Rawl Bolt-100mm,£1.45,
"Fixings, Adhesives & Sealants","Carriage Bolts, Nuts & Washers",Cup Square Hex Bzp Pouch,£9.95,
"Fixings, Adhesives & Sealants","Carriage Bolts, Nuts & Washers",M10 X 130 Cup Square Hex Bzp Pouch,£9.95,
"Fixings, Adhesives & Sealants","Carriage Bolts, Nuts & Washers",M10 X 150 Cup Square Hex Bzp Pouch,£9.95,
"Fixings, Adhesives & Sealants","Carriage Bolts, Nuts & Washers",M10 X 180 Cup Square Hex Bzp Pouch,£9.95,
"Fixings, Adhesives & Sealants","Carriage Bolts, Nuts & Washers",M10 X 200 Cup Square Hex Bzp Pouch,£9.95,
"Fixings, Adhesives & Sealants","Carriage Bolts, Nuts & Washers",M12 X 100 Cup Square Hex Bzp Pouch,£9.95,
"Fixings, Adhesives & Sealants","Carriage Bolts, Nuts & Washers",M12 X 130 Cup Square Hex Bzp Pouch,£9.95,
"Fixings, Adhesives & Sealants","Carriage Bolts, Nuts & Washers",M12 X 150 Cup Square Hex Bzp Pouch,£9.95,
"Fixings, Adhesives & Sealants","Carriage Bolts, Nuts & Washers",M12 X 180 Cup Square Hex Bzp Pouch,£9.95,
"Fixings, Adhesives & Sealants","Carriage Bolts, Nuts & Washers",M12 X 200 Cup Square Hex Bzp Pouch,£9.95,
"Fixings, Adhesives & Sealants","Carriage Bolts, Nuts & Washers",M12 Heavy Duty Square Washer,£0.39,
"Fixings, Adhesives & Sealants","Carriage Bolts, Nuts & Washers",M6 X 1M Studding,£1.75,
"Fixings, Adhesives & Sealants","Carriage Bolts, Nuts & Washers",M8 X 1M Studding,£1.95,
"Fixings, Adhesives & Sealants","Carriage Bolts, Nuts & Washers",M10 X 1M Studding,£2.50,
"Fixings, Adhesives & Sealants","Carriage Bolts, Nuts & Washers",M12 X 1M Studding,£3.95,
"Fixings, Adhesives & Sealants","Carriage Bolts, Nuts & Washers",M16 X 1M Studding,£5.95,
"Fixings, Adhesives & Sealants","Carriage Bolts, Nuts & Washers",M18 X 1M Studding,£6.50,
"Fixings, Adhesives & Sealants","Carriage Bolts, Nuts & Washers",M20 X 1M Studding,£6.95,
"Fixings, Adhesives & Sealants",Gun Nails,"Viper St Galv'd Fuel Pack (2200) 90 x 3.1mm
",£59.95,
"Fixings, Adhesives & Sealants",Gun Nails,75 X 3.1Mm Champion Rg Galv'd Fuel Pack (2200),£59.95,
"Fixings, Adhesives & Sealants",Gun Nails,Viper Rg Galv'd Fuel Pack (3300)-63×2.8mm,£59.95,
"Fixings, Adhesives & Sealants",Gun Nails,Viper Rg Galv'd Fuel Pack (3300)-51×2.8mm,£59.95,
"Fixings, Adhesives & Sealants",Copper Nails,Pack Of 100 Copper Disc Rivets 20mm,£10.95,
"Fixings, Adhesives & Sealants",Copper Nails,Copper Clout Nails 1Kg-38X2.65mm,£19.95,
"Fixings, Adhesives & Sealants",Copper Nails,Copper Clout Nails 1Kg-30X2.65mm,£19.95,
"Fixings, Adhesives & Sealants",Galvanised Clout Nails,Galv Sq Twist Nail 2.5Kg 30X3.75mm Tub,£14.95,
"Fixings, Adhesives & Sealants",Galvanised Clout Nails,1Kg Galv Elh Clout Nail 20X3.00mm,£9.95,
"Fixings, Adhesives & Sealants",Bright Round Wire Nails,Glv Round Wire Nail 2.5Kg 150X6.0mm Tub,£14.95,
"Fixings, Adhesives & Sealants",Bright Round Wire Nails,Bright Round Wire Nail-2.5KG 75X3.75MM,£12.95,
"Fixings, Adhesives & Sealants",Bright Round Wire Nails,Bright Round Wire Nail-2.5KG 65X3.35MM,£12.95,
"Fixings, Adhesives & Sealants",Bright Round Wire Nails,Bright Round Wire Nail-2.5KG 50X3.35MM,£12.95,
"Fixings, Adhesives & Sealants",Bright Round Wire Nails,Bright Round Wire Nail-2.5KG 100X4.5MM,£12.95,
"Fixings, Adhesives & Sealants",Decking Screws,75mm Decking Screws Tub (200),£14.95,
"Fixings, Adhesives & Sealants",Decking Screws,60mm Decking Screws Tub (350),£14.95,
"Fixings, Adhesives & Sealants",Decking Screws,50mm Decking Screws Tub (500),£16.95,
"Fixings, Adhesives & Sealants",Decking Screws,4.5 X 75mm - (200) Decking Screws,£8.95,
"Fixings, Adhesives & Sealants",Decking Screws,4.5 X 60mm - (200) Decking Screws,£8.95,
"Fixings, Adhesives & Sealants",Decking Screws,4.5 X 50mm - (200) Decking Screws,£8.95,
"Fixings, Adhesives & Sealants",Timber Drive,7mm X 250mm Timberdrive Screws (10),£9.95,
"Fixings, Adhesives & Sealants",Timber Drive,7mm X 200mm Timberdrive Screws (50),£26.95,
"Fixings, Adhesives & Sealants",Timber Drive,7mm X 150mm Timberdrive Screws (50),£18.95,
"Fixings, Adhesives & Sealants",Timber Drive,7mm X 100mm Timberdrive Screws (50),£12.95,
"Fixings, Adhesives & Sealants",Wood Screws,4x25mm Vortex Power Wood Screws (200),£4.95,
"Fixings, Adhesives & Sealants",Wood Screws,4x30mm Vortex Power Wood Screws (200),£4.95,
"Fixings, Adhesives & Sealants",Wood Screws,4x40mm Vortex Power Wood Screws (200),£5.95,
"Fixings, Adhesives & Sealants",Wood Screws,4x50mm Vortex Power Screws (200),£6.95,
"Fixings, Adhesives & Sealants",Wood Screws,4x70mm Vortex Power Wood Screws (100),£7.95,
"Fixings, Adhesives & Sealants",Wood Screws,5x40mm Vortex Power Wood Screws (200),£6.95,
"Fixings, Adhesives & Sealants",Wood Screws,5x50mm Vortex Power Wood Screws (200),£7.95,
"Fixings, Adhesives & Sealants",Wood Screws,5x60mm Vortex Power Wood Screws (200),£7.95,
"Fixings, Adhesives & Sealants",Wood Screws,5x70mm Vortex Power Wood Screws (200),£8.95,
"Fixings, Adhesives & Sealants",Wood Screws,5x80mm Vortex Power Wood Screws (100),£8.95,
"Fixings, Adhesives & Sealants",Wood Screws,5x90mm Vortex Power Wood Screws (100),£8.95,
"Fixings, Adhesives & Sealants",Wood Screws,5x100mm Vortex Power Wood Screws (100),£8.95,
"Fixings, Adhesives & Sealants",Wood Screws,5X80mm Vortex Power Wood Screws Tub (700),£34.95,
"Fixings, Adhesives & Sealants",Wood Screws,5X70mm Vortex Power Wood Screws Tub (800),£32.95,
"Fixings, Adhesives & Sealants",Wood Screws,5x50mm Vortex Power Wood Screws Tub (1000),£29.95,
"Fixings, Adhesives & Sealants",Wood Screws,5x100mm Vortex Power Wood Screws Tub (600),£38.95,
"Fixings, Adhesives & Sealants",Wood Screws,6x100mm Vortex Power Wood Screws (100),£8.95,
"Fixings, Adhesives & Sealants",Wood Screws,6x130mm Vortex Power Wood Screws (100),£16.95,
"Fixings, Adhesives & Sealants",Wood Screws,6x150mm Vortex Power Wood Screws (100),£19.95,
"Fixings, Adhesives & Sealants",Wood Screws,6x200mm Vortex Power Wood Screws (100),£24.95,
"Fixings, Adhesives & Sealants",Wood Screws,Ulti - Mate Ii 5x50mm High Performance Screws (200),£10.95,
"Fixings, Adhesives & Sealants",Wood Screws,Ulti - Mate Ii High Performance Screws (200) 5X60mm,£12.95,
"Fixings, Adhesives & Sealants",Wood Screws,Ulti - Mate Ii High Performance Screws (200) 5X70mm,£12.95,
"Fixings, Adhesives & Sealants",Wood Screws,Ulti - Mate Ii 5x80mm High Performance Screws (200),£14.95,
"Fixings, Adhesives & Sealants",Wood Screws,Ulti - Mate Ii 5X90mm High Performance Screws (200),£12.95,
"Fixings, Adhesives & Sealants",Wood Screws,Ulti - Mate Ii 5x100mm High Performance Screws (100),£12.95,